timestamp,close,close_time,volume
2024-07-01 00:00:00,147.83,2024-07-01 00:59:59.999,130743.758
2024-07-01 01:00:00,148.26,2024-07-01 01:59:59.999,164894.196
2024-07-01 02:00:00,147.42,2024-07-01 02:59:59.999,128138.574
2024-07-01 03:00:00,147.61,2024-07-01 03:59:59.999,56788.424
2024-07-01 04:00:00,147.45,2024-07-01 04:59:59.999,48379.585
2024-07-01 05:00:00,148.01,2024-07-01 05:59:59.999,64277.297
2024-07-01 06:00:00,148.0,2024-07-01 06:59:59.999,51378.705
2024-07-01 07:00:00,148.3,2024-07-01 07:59:59.999,60549.911
2024-07-01 08:00:00,147.44,2024-07-01 08:59:59.999,188680.461
2024-07-01 09:00:00,147.8,2024-07-01 09:59:59.999,67928.401
2024-07-01 10:00:00,146.86,2024-07-01 10:59:59.999,69995.977
2024-07-01 11:00:00,146.14,2024-07-01 11:59:59.999,81625.173
2024-07-01 12:00:00,147.49,2024-07-01 12:59:59.999,72431.265
2024-07-01 13:00:00,146.99,2024-07-01 13:59:59.999,167220.686
2024-07-01 14:00:00,147.84,2024-07-01 14:59:59.999,141247.724
2024-07-01 15:00:00,148.5,2024-07-01 15:59:59.999,146909.288
2024-07-01 16:00:00,147.98,2024-07-01 16:59:59.999,137844.787
2024-07-01 17:00:00,148.06,2024-07-01 17:59:59.999,104333.969
2024-07-01 18:00:00,147.75,2024-07-01 18:59:59.999,113192.675
2024-07-01 19:00:00,147.32,2024-07-01 19:59:59.999,63333.351
2024-07-01 20:00:00,147.53,2024-07-01 20:59:59.999,30443.076
2024-07-01 21:00:00,147.57,2024-07-01 21:59:59.999,36910.799
2024-07-01 22:00:00,146.79,2024-07-01 22:59:59.999,106297.355
2024-07-01 23:00:00,146.67,2024-07-01 23:59:59.999,46707.399
2024-07-02 00:00:00,147.34,2024-07-02 00:59:59.999,55324.043
2024-07-02 01:00:00,147.62,2024-07-02 01:59:59.999,41009.19
2024-07-02 02:00:00,149.07,2024-07-02 02:59:59.999,88656.24
2024-07-02 03:00:00,149.16,2024-07-02 03:59:59.999,93607.467
2024-07-02 04:00:00,148.9,2024-07-02 04:59:59.999,144002.31
2024-07-02 05:00:00,149.08,2024-07-02 05:59:59.999,44510.432
2024-07-02 06:00:00,147.76,2024-07-02 06:59:59.999,71432.151
2024-07-02 07:00:00,147.43,2024-07-02 07:59:59.999,111667.881
2024-07-02 08:00:00,148.0,2024-07-02 08:59:59.999,77030.523
2024-07-02 09:00:00,148.29,2024-07-02 09:59:59.999,46025.163
2024-07-02 10:00:00,148.82,2024-07-02 10:59:59.999,52794.978
2024-07-02 11:00:00,149.68,2024-07-02 11:59:59.999,178877.51
2024-07-02 12:00:00,150.53,2024-07-02 12:59:59.999,161768.445
2024-07-02 13:00:00,148.87,2024-07-02 13:59:59.999,210915.351
2024-07-02 14:00:00,148.28,2024-07-02 14:59:59.999,221936.186
2024-07-02 15:00:00,148.39,2024-07-02 15:59:59.999,106614.421
2024-07-02 16:00:00,149.01,2024-07-02 16:59:59.999,71344.926
2024-07-02 17:00:00,149.98,2024-07-02 17:59:59.999,100903.244
2024-07-02 18:00:00,152.95,2024-07-02 18:59:59.999,318655.175
2024-07-02 19:00:00,152.79,2024-07-02 19:59:59.999,139343.041
2024-07-02 20:00:00,153.09,2024-07-02 20:59:59.999,82480.407
2024-07-02 21:00:00,153.69,2024-07-02 21:59:59.999,92421.266
2024-07-02 22:00:00,154.72,2024-07-02 22:59:59.999,152793.308
2024-07-02 23:00:00,154.03,2024-07-02 23:59:59.999,111947.634
2024-07-03 00:00:00,153.47,2024-07-03 00:59:59.999,77308.848
2024-07-03 01:00:00,152.24,2024-07-03 01:59:59.999,169260.219
2024-07-03 02:00:00,152.14,2024-07-03 02:59:59.999,142836.302
2024-07-03 03:00:00,150.56,2024-07-03 03:59:59.999,228975.028
2024-07-03 04:00:00,148.17,2024-07-03 04:59:59.999,242893.255
2024-07-03 05:00:00,149.41,2024-07-03 05:59:59.999,142151.426
2024-07-03 06:00:00,148.89,2024-07-03 06:59:59.999,90467.779
2024-07-03 07:00:00,146.4,2024-07-03 07:59:59.999,198624.682
2024-07-03 08:00:00,146.39,2024-07-03 08:59:59.999,220485.636
2024-07-03 09:00:00,146.47,2024-07-03 09:59:59.999,120388.247
2024-07-03 10:00:00,144.17,2024-07-03 10:59:59.999,347704.062
2024-07-03 11:00:00,144.07,2024-07-03 11:59:59.999,165001.629
2024-07-03 12:00:00,141.52,2024-07-03 12:59:59.999,254618.654
2024-07-03 13:00:00,144.17,2024-07-03 13:59:59.999,266368.52
2024-07-03 14:00:00,141.7,2024-07-03 14:59:59.999,160322.714
2024-07-03 15:00:00,141.68,2024-07-03 15:59:59.999,154665.978
2024-07-03 16:00:00,142.58,2024-07-03 16:59:59.999,219246.175
2024-07-03 17:00:00,142.04,2024-07-03 17:59:59.999,103730.414
2024-07-03 18:00:00,141.79,2024-07-03 18:59:59.999,97727.141
2024-07-03 19:00:00,140.43,2024-07-03 19:59:59.999,229104.702
2024-07-03 20:00:00,140.02,2024-07-03 20:59:59.999,215689.292
2024-07-03 21:00:00,141.69,2024-07-03 21:59:59.999,198347.866
2024-07-03 22:00:00,141.36,2024-07-03 22:59:59.999,76427.344
2024-07-03 23:00:00,140.84,2024-07-03 23:59:59.999,66996.02
2024-07-04 00:00:00,141.4,2024-07-04 00:59:59.999,152322.657
2024-07-04 01:00:00,134.16,2024-07-04 01:59:59.999,651074.548
2024-07-04 02:00:00,136.24,2024-07-04 02:59:59.999,437910.268
2024-07-04 03:00:00,137.08,2024-07-04 03:59:59.999,109562.465
2024-07-04 04:00:00,136.68,2024-07-04 04:59:59.999,92313.83
2024-07-04 05:00:00,136.04,2024-07-04 05:59:59.999,66823.324
2024-07-04 06:00:00,134.64,2024-07-04 06:59:59.999,177366.385
2024-07-04 07:00:00,134.38,2024-07-04 07:59:59.999,158602.645
2024-07-04 08:00:00,135.39,2024-07-04 08:59:59.999,239086.489
2024-07-04 09:00:00,134.27,2024-07-04 09:59:59.999,266035.366
2024-07-04 10:00:00,134.33,2024-07-04 10:59:59.999,200517.364
2024-07-04 11:00:00,132.73,2024-07-04 11:59:59.999,119339.798
2024-07-04 12:00:00,133.17,2024-07-04 12:59:59.999,217758.423
2024-07-04 13:00:00,133.22,2024-07-04 13:59:59.999,502616.201
2024-07-04 14:00:00,134.29,2024-07-04 14:59:59.999,316517.295
2024-07-04 15:00:00,135.4,2024-07-04 15:59:59.999,242106.241
2024-07-04 16:00:00,135.24,2024-07-04 16:59:59.999,209248.644
2024-07-04 17:00:00,135.27,2024-07-04 17:59:59.999,93674.626
2024-07-04 18:00:00,134.08,2024-07-04 18:59:59.999,109051.426
2024-07-04 19:00:00,134.0,2024-07-04 19:59:59.999,124748.129
2024-07-04 20:00:00,135.07,2024-07-04 20:59:59.999,85438.116
2024-07-04 21:00:00,134.98,2024-07-04 21:59:59.999,68712.93
2024-07-04 22:00:00,132.46,2024-07-04 22:59:59.999,108708.54
2024-07-04 23:00:00,127.86,2024-07-04 23:59:59.999,481276.448
2024-07-05 00:00:00,128.59,2024-07-05 00:59:59.999,702484.035
2024-07-05 01:00:00,128.63,2024-07-05 01:59:59.999,248744.593
2024-07-05 02:00:00,122.82,2024-07-05 02:59:59.999,662524.203
2024-07-05 03:00:00,123.67,2024-07-05 03:59:59.999,673505.736
2024-07-05 04:00:00,125.5,2024-07-05 04:59:59.999,588948.868
2024-07-05 05:00:00,127.29,2024-07-05 05:59:59.999,360208.571
2024-07-05 06:00:00,125.05,2024-07-05 06:59:59.999,305245.426
2024-07-05 07:00:00,126.72,2024-07-05 07:59:59.999,287737.848
2024-07-05 08:00:00,122.84,2024-07-05 08:59:59.999,267479.029
2024-07-05 09:00:00,126.19,2024-07-05 09:59:59.999,321161.184
2024-07-05 10:00:00,128.59,2024-07-05 10:59:59.999,437131.353
2024-07-05 11:00:00,130.13,2024-07-05 11:59:59.999,383469.925
2024-07-05 12:00:00,128.78,2024-07-05 12:59:59.999,476239.38
2024-07-05 13:00:00,133.19,2024-07-05 13:59:59.999,319952.741
2024-07-05 14:00:00,132.7,2024-07-05 14:59:59.999,242571.281
2024-07-05 15:00:00,134.93,2024-07-05 15:59:59.999,331657.048
2024-07-05 16:00:00,134.6,2024-07-05 16:59:59.999,376740.429
2024-07-05 17:00:00,134.92,2024-07-05 17:59:59.999,143846.547
2024-07-05 18:00:00,135.72,2024-07-05 18:59:59.999,161412.094
2024-07-05 19:00:00,134.97,2024-07-05 19:59:59.999,88606.532
2024-07-05 20:00:00,135.35,2024-07-05 20:59:59.999,78886.305
2024-07-05 21:00:00,134.71,2024-07-05 21:59:59.999,74711.508
2024-07-05 22:00:00,134.24,2024-07-05 22:59:59.999,76798.035
2024-07-05 23:00:00,134.32,2024-07-05 23:59:59.999,59408.56
2024-07-06 00:00:00,135.07,2024-07-06 00:59:59.999,198682.111
2024-07-06 01:00:00,133.51,2024-07-06 01:59:59.999,135719.453
2024-07-06 02:00:00,133.62,2024-07-06 02:59:59.999,96226.038
2024-07-06 03:00:00,134.44,2024-07-06 03:59:59.999,76546.721
2024-07-06 04:00:00,133.59,2024-07-06 04:59:59.999,84633.273
2024-07-06 05:00:00,134.45,2024-07-06 05:59:59.999,89642.09
2024-07-06 06:00:00,135.9,2024-07-06 06:59:59.999,93075.443
2024-07-06 07:00:00,136.94,2024-07-06 07:59:59.999,108614.022
2024-07-06 08:00:00,137.13,2024-07-06 08:59:59.999,75764.558
2024-07-06 09:00:00,139.91,2024-07-06 09:59:59.999,305683.435
2024-07-06 10:00:00,139.71,2024-07-06 10:59:59.999,230875.27
2024-07-06 11:00:00,138.75,2024-07-06 11:59:59.999,93635.926
2024-07-06 12:00:00,138.79,2024-07-06 12:59:59.999,125931.577
2024-07-06 13:00:00,139.38,2024-07-06 13:59:59.999,99637.402
2024-07-06 14:00:00,139.82,2024-07-06 14:59:59.999,128285.845
2024-07-06 15:00:00,141.88,2024-07-06 15:59:59.999,200579.432
2024-07-06 16:00:00,142.52,2024-07-06 16:59:59.999,185859.043
2024-07-06 17:00:00,142.44,2024-07-06 17:59:59.999,98065.004
2024-07-06 18:00:00,142.46,2024-07-06 18:59:59.999,78584.457
2024-07-06 19:00:00,142.82,2024-07-06 19:59:59.999,51973.241
2024-07-06 20:00:00,142.53,2024-07-06 20:59:59.999,84291.657
2024-07-06 21:00:00,143.04,2024-07-06 21:59:59.999,90416.176
2024-07-06 22:00:00,143.87,2024-07-06 22:59:59.999,62762.008
2024-07-06 23:00:00,143.05,2024-07-06 23:59:59.999,78434.954
2024-07-07 00:00:00,141.23,2024-07-07 00:59:59.999,112849.731
2024-07-07 01:00:00,141.16,2024-07-07 01:59:59.999,152534.811
2024-07-07 02:00:00,142.6,2024-07-07 02:59:59.999,83541.177
2024-07-07 03:00:00,142.12,2024-07-07 03:59:59.999,78808.964
2024-07-07 04:00:00,139.49,2024-07-07 04:59:59.999,189038.861
2024-07-07 05:00:00,140.14,2024-07-07 05:59:59.999,162062.456
2024-07-07 06:00:00,139.78,2024-07-07 06:59:59.999,56836.214
2024-07-07 07:00:00,139.09,2024-07-07 07:59:59.999,123902.149
2024-07-07 08:00:00,139.48,2024-07-07 08:59:59.999,60268.849
2024-07-07 09:00:00,139.95,2024-07-07 09:59:59.999,48805.598
2024-07-07 10:00:00,139.66,2024-07-07 10:59:59.999,67907.346
2024-07-07 11:00:00,139.89,2024-07-07 11:59:59.999,43923.761
2024-07-07 12:00:00,139.71,2024-07-07 12:59:59.999,69025.982
2024-07-07 13:00:00,136.79,2024-07-07 13:59:59.999,208637.668
2024-07-07 14:00:00,136.97,2024-07-07 14:59:59.999,190976.145
2024-07-07 15:00:00,137.07,2024-07-07 15:59:59.999,99790.976
2024-07-07 16:00:00,138.36,2024-07-07 16:59:59.999,121299.894
2024-07-07 17:00:00,138.71,2024-07-07 17:59:59.999,53122.961
2024-07-07 18:00:00,138.0,2024-07-07 18:59:59.999,71777.829
2024-07-07 19:00:00,137.33,2024-07-07 19:59:59.999,42142.273
2024-07-07 20:00:00,136.86,2024-07-07 20:59:59.999,73677.099
2024-07-07 21:00:00,134.27,2024-07-07 21:59:59.999,174686.746
2024-07-07 22:00:00,133.05,2024-07-07 22:59:59.999,121272.56
2024-07-07 23:00:00,131.64,2024-07-07 23:59:59.999,183915.319
2024-07-08 00:00:00,129.14,2024-07-08 00:59:59.999,341570.725
2024-07-08 01:00:00,129.72,2024-07-08 01:59:59.999,360782.202
2024-07-08 02:00:00,131.01,2024-07-08 02:59:59.999,365000.143
2024-07-08 03:00:00,130.71,2024-07-08 03:59:59.999,129084.117
2024-07-08 04:00:00,133.11,2024-07-08 04:59:59.999,165080.945
2024-07-08 05:00:00,132.81,2024-07-08 05:59:59.999,135269.201
2024-07-08 06:00:00,132.58,2024-07-08 06:59:59.999,146040.791
2024-07-08 07:00:00,132.59,2024-07-08 07:59:59.999,85402.306
2024-07-08 08:00:00,140.55,2024-07-08 08:59:59.999,635180.334
2024-07-08 09:00:00,139.68,2024-07-08 09:59:59.999,366156.093
2024-07-08 10:00:00,138.43,2024-07-08 10:59:59.999,233075.227
2024-07-08 11:00:00,140.61,2024-07-08 11:59:59.999,223517.019
2024-07-08 12:00:00,140.54,2024-07-08 12:59:59.999,222735.183
2024-07-08 13:00:00,140.76,2024-07-08 13:59:59.999,186289.023
2024-07-08 14:00:00,138.27,2024-07-08 14:59:59.999,788260.223
2024-07-08 15:00:00,137.43,2024-07-08 15:59:59.999,301982.335
2024-07-08 16:00:00,136.57,2024-07-08 16:59:59.999,205711.429
2024-07-08 17:00:00,137.02,2024-07-08 17:59:59.999,157630.841
2024-07-08 18:00:00,137.83,2024-07-08 18:59:59.999,94923.326
2024-07-08 19:00:00,138.29,2024-07-08 19:59:59.999,64171.867
2024-07-08 20:00:00,138.65,2024-07-08 20:59:59.999,183181.514
2024-07-08 21:00:00,140.06,2024-07-08 21:59:59.999,147661.034
2024-07-08 22:00:00,140.3,2024-07-08 22:59:59.999,83133.336
2024-07-08 23:00:00,139.81,2024-07-08 23:59:59.999,86518.794
2024-07-09 00:00:00,138.25,2024-07-09 00:59:59.999,119686.869
2024-07-09 01:00:00,137.22,2024-07-09 01:59:59.999,230160.945
2024-07-09 02:00:00,139.78,2024-07-09 02:59:59.999,169690.878
2024-07-09 03:00:00,140.44,2024-07-09 03:59:59.999,113841.879
2024-07-09 04:00:00,140.77,2024-07-09 04:59:59.999,173083.335
2024-07-09 05:00:00,141.56,2024-07-09 05:59:59.999,130112.832
2024-07-09 06:00:00,142.66,2024-07-09 06:59:59.999,189336.178
2024-07-09 07:00:00,142.12,2024-07-09 07:59:59.999,193741.834
2024-07-09 08:00:00,142.53,2024-07-09 08:59:59.999,203445.263
2024-07-09 09:00:00,141.74,2024-07-09 09:59:59.999,174239.966
2024-07-09 10:00:00,141.43,2024-07-09 10:59:59.999,158304.175
2024-07-09 11:00:00,141.92,2024-07-09 11:59:59.999,212635.93
2024-07-09 12:00:00,141.02,2024-07-09 12:59:59.999,68993.048
2024-07-09 13:00:00,140.64,2024-07-09 13:59:59.999,100921.681
2024-07-09 14:00:00,138.98,2024-07-09 14:59:59.999,229343.937
2024-07-09 15:00:00,140.52,2024-07-09 15:59:59.999,156397.033
2024-07-09 16:00:00,142.61,2024-07-09 16:59:59.999,161877.451
2024-07-09 17:00:00,141.42,2024-07-09 17:59:59.999,119690.657
2024-07-09 18:00:00,142.6,2024-07-09 18:59:59.999,104000.106
2024-07-09 19:00:00,142.12,2024-07-09 19:59:59.999,58643.045
2024-07-09 20:00:00,142.62,2024-07-09 20:59:59.999,71535.162
2024-07-09 21:00:00,142.02,2024-07-09 21:59:59.999,64787.895
2024-07-09 22:00:00,141.34,2024-07-09 22:59:59.999,88401.212
2024-07-09 23:00:00,141.42,2024-07-09 23:59:59.999,70802.295
2024-07-10 00:00:00,139.15,2024-07-10 00:59:59.999,111893.012
2024-07-10 01:00:00,140.26,2024-07-10 01:59:59.999,95324.572
2024-07-10 02:00:00,141.03,2024-07-10 02:59:59.999,59465.785
2024-07-10 03:00:00,141.73,2024-07-10 03:59:59.999,49422.053
2024-07-10 04:00:00,145.22,2024-07-10 04:59:59.999,351268.849
2024-07-10 05:00:00,144.0,2024-07-10 05:59:59.999,196604.709
2024-07-10 06:00:00,144.89,2024-07-10 06:59:59.999,105596.954
2024-07-10 07:00:00,144.17,2024-07-10 07:59:59.999,78649.734
2024-07-10 08:00:00,143.96,2024-07-10 08:59:59.999,98612.796
2024-07-10 09:00:00,143.08,2024-07-10 09:59:59.999,89763.533
2024-07-10 10:00:00,143.92,2024-07-10 10:59:59.999,58174.99
2024-07-10 11:00:00,142.79,2024-07-10 11:59:59.999,86962.207
2024-07-10 12:00:00,142.07,2024-07-10 12:59:59.999,423609.894
2024-07-10 13:00:00,141.8,2024-07-10 13:59:59.999,222800.17
2024-07-10 14:00:00,140.81,2024-07-10 14:59:59.999,119586.079
2024-07-10 15:00:00,141.18,2024-07-10 15:59:59.999,127126.785
2024-07-10 16:00:00,141.25,2024-07-10 16:59:59.999,116618.306
2024-07-10 17:00:00,141.02,2024-07-10 17:59:59.999,59914.727
2024-07-10 18:00:00,140.86,2024-07-10 18:59:59.999,36080.393
2024-07-10 19:00:00,141.07,2024-07-10 19:59:59.999,33240.311
2024-07-10 20:00:00,140.88,2024-07-10 20:59:59.999,51457.197
2024-07-10 21:00:00,141.18,2024-07-10 21:59:59.999,45113.813
2024-07-10 22:00:00,141.57,2024-07-10 22:59:59.999,46030.083
2024-07-10 23:00:00,141.98,2024-07-10 23:59:59.999,37508.941
2024-07-11 00:00:00,141.71,2024-07-11 00:59:59.999,52293.194
2024-07-11 01:00:00,142.81,2024-07-11 01:59:59.999,87426.859
2024-07-11 02:00:00,141.74,2024-07-11 02:59:59.999,83844.117
2024-07-11 03:00:00,140.3,2024-07-11 03:59:59.999,149025.273
2024-07-11 04:00:00,140.62,2024-07-11 04:59:59.999,73238.575
2024-07-11 05:00:00,141.18,2024-07-11 05:59:59.999,86572.629
2024-07-11 06:00:00,141.49,2024-07-11 06:59:59.999,53851.541
2024-07-11 07:00:00,142.1,2024-07-11 07:59:59.999,103262.652
2024-07-11 08:00:00,142.49,2024-07-11 08:59:59.999,102042.169
2024-07-11 09:00:00,142.71,2024-07-11 09:59:59.999,58922.611
2024-07-11 10:00:00,142.99,2024-07-11 10:59:59.999,131162.822
2024-07-11 11:00:00,143.52,2024-07-11 11:59:59.999,96135.087
2024-07-11 12:00:00,143.72,2024-07-11 12:59:59.999,435445.554
2024-07-11 13:00:00,142.36,2024-07-11 13:59:59.999,216049.303
2024-07-11 14:00:00,140.79,2024-07-11 14:59:59.999,213199.975
2024-07-11 15:00:00,138.45,2024-07-11 15:59:59.999,265350.771
2024-07-11 16:00:00,138.29,2024-07-11 16:59:59.999,162799.953
2024-07-11 17:00:00,138.21,2024-07-11 17:59:59.999,66711.867
2024-07-11 18:00:00,138.67,2024-07-11 18:59:59.999,62126.102
2024-07-11 19:00:00,136.57,2024-07-11 19:59:59.999,263478.144
2024-07-11 20:00:00,136.97,2024-07-11 20:59:59.999,343623.653
2024-07-11 21:00:00,136.68,2024-07-11 21:59:59.999,78855.585
2024-07-11 22:00:00,136.77,2024-07-11 22:59:59.999,93527.519
2024-07-11 23:00:00,135.73,2024-07-11 23:59:59.999,84148.175
2024-07-12 00:00:00,135.84,2024-07-12 00:59:59.999,135275.427
2024-07-12 01:00:00,136.26,2024-07-12 01:59:59.999,179012.574
2024-07-12 02:00:00,137.99,2024-07-12 02:59:59.999,198515.66
2024-07-12 03:00:00,136.53,2024-07-12 03:59:59.999,91466.724
2024-07-12 04:00:00,136.1,2024-07-12 04:59:59.999,103735.261
2024-07-12 05:00:00,135.58,2024-07-12 05:59:59.999,114574.335
2024-07-12 06:00:00,136.28,2024-07-12 06:59:59.999,81514.396
2024-07-12 07:00:00,135.41,2024-07-12 07:59:59.999,142689.471
2024-07-12 08:00:00,135.82,2024-07-12 08:59:59.999,73516.184
2024-07-12 09:00:00,134.7,2024-07-12 09:59:59.999,168881.116
2024-07-12 10:00:00,135.61,2024-07-12 10:59:59.999,222195.844
2024-07-12 11:00:00,135.65,2024-07-12 11:59:59.999,138940.908
2024-07-12 12:00:00,136.76,2024-07-12 12:59:59.999,240723.052
2024-07-12 13:00:00,138.75,2024-07-12 13:59:59.999,208563.785
2024-07-12 14:00:00,137.9,2024-07-12 14:59:59.999,150525.402
2024-07-12 15:00:00,138.85,2024-07-12 15:59:59.999,116042.096
2024-07-12 16:00:00,138.39,2024-07-12 16:59:59.999,102998.003
2024-07-12 17:00:00,138.88,2024-07-12 17:59:59.999,49745.946
2024-07-12 18:00:00,139.88,2024-07-12 18:59:59.999,115011.886
2024-07-12 19:00:00,138.49,2024-07-12 19:59:59.999,85468.113
2024-07-12 20:00:00,138.07,2024-07-12 20:59:59.999,92939.268
2024-07-12 21:00:00,138.19,2024-07-12 21:59:59.999,39623.381
2024-07-12 22:00:00,138.78,2024-07-12 22:59:59.999,39750.382
2024-07-12 23:00:00,139.46,2024-07-12 23:59:59.999,37819.217
2024-07-13 00:00:00,139.03,2024-07-13 00:59:59.999,61193.549
2024-07-13 01:00:00,139.1,2024-07-13 01:59:59.999,53079.26
2024-07-13 02:00:00,139.01,2024-07-13 02:59:59.999,26941.988
2024-07-13 03:00:00,138.75,2024-07-13 03:59:59.999,37513.264
2024-07-13 04:00:00,138.16,2024-07-13 04:59:59.999,49860.017
2024-07-13 05:00:00,139.16,2024-07-13 05:59:59.999,43256.973
2024-07-13 06:00:00,138.94,2024-07-13 06:59:59.999,32078.857
2024-07-13 07:00:00,139.38,2024-07-13 07:59:59.999,34332.301
2024-07-13 08:00:00,138.64,2024-07-13 08:59:59.999,34029.033
2024-07-13 09:00:00,140.62,2024-07-13 09:59:59.999,73672.419
2024-07-13 10:00:00,139.84,2024-07-13 10:59:59.999,86458.711
2024-07-13 11:00:00,140.12,2024-07-13 11:59:59.999,24983.087
2024-07-13 12:00:00,140.25,2024-07-13 12:59:59.999,59420.876
2024-07-13 13:00:00,140.11,2024-07-13 13:59:59.999,39720.634
2024-07-13 14:00:00,139.91,2024-07-13 14:59:59.999,43931.98
2024-07-13 15:00:00,140.37,2024-07-13 15:59:59.999,45099.629
2024-07-13 16:00:00,139.62,2024-07-13 16:59:59.999,111314.229
2024-07-13 17:00:00,139.68,2024-07-13 17:59:59.999,34961.23
2024-07-13 18:00:00,139.36,2024-07-13 18:59:59.999,28811.602
2024-07-13 19:00:00,139.82,2024-07-13 19:59:59.999,28107.382
2024-07-13 20:00:00,139.73,2024-07-13 20:59:59.999,31569.604
2024-07-13 21:00:00,140.24,2024-07-13 21:59:59.999,20240.63
2024-07-13 22:00:00,142.2,2024-07-13 22:59:59.999,137792.096
2024-07-13 23:00:00,141.9,2024-07-13 23:59:59.999,218808.27
2024-07-14 00:00:00,144.9,2024-07-14 00:59:59.999,295091.172
2024-07-14 01:00:00,144.93,2024-07-14 01:59:59.999,220232.466
2024-07-14 02:00:00,143.67,2024-07-14 02:59:59.999,110552.832
2024-07-14 03:00:00,143.96,2024-07-14 03:59:59.999,50712.833
2024-07-14 04:00:00,144.95,2024-07-14 04:59:59.999,161921.959
2024-07-14 05:00:00,145.6,2024-07-14 05:59:59.999,154929.26
2024-07-14 06:00:00,144.56,2024-07-14 06:59:59.999,103679.79
2024-07-14 07:00:00,144.77,2024-07-14 07:59:59.999,53571.326
2024-07-14 08:00:00,145.33,2024-07-14 08:59:59.999,77481.576
2024-07-14 09:00:00,146.58,2024-07-14 09:59:59.999,424583.809
2024-07-14 10:00:00,145.08,2024-07-14 10:59:59.999,145292.886
2024-07-14 11:00:00,144.88,2024-07-14 11:59:59.999,72725.964
2024-07-14 12:00:00,143.94,2024-07-14 12:59:59.999,135504.342
2024-07-14 13:00:00,144.4,2024-07-14 13:59:59.999,94654.008
2024-07-14 14:00:00,145.02,2024-07-14 14:59:59.999,101869.483
2024-07-14 15:00:00,145.9,2024-07-14 15:59:59.999,139967.069
2024-07-14 16:00:00,145.55,2024-07-14 16:59:59.999,62439.112
2024-07-14 17:00:00,145.13,2024-07-14 17:59:59.999,53286.914
2024-07-14 18:00:00,145.07,2024-07-14 18:59:59.999,38293.501
2024-07-14 19:00:00,145.22,2024-07-14 19:59:59.999,37669.833
2024-07-14 20:00:00,145.61,2024-07-14 20:59:59.999,46068.31
2024-07-14 21:00:00,148.1,2024-07-14 21:59:59.999,178251.234
2024-07-14 22:00:00,147.18,2024-07-14 22:59:59.999,103100.493
2024-07-14 23:00:00,147.66,2024-07-14 23:59:59.999,135586.585
2024-07-15 00:00:00,150.33,2024-07-15 00:59:59.999,206717.254
2024-07-15 01:00:00,150.9,2024-07-15 01:59:59.999,173457.68
2024-07-15 02:00:00,151.9,2024-07-15 02:59:59.999,195125.528
2024-07-15 03:00:00,151.39,2024-07-15 03:59:59.999,107269.938
2024-07-15 04:00:00,151.91,2024-07-15 04:59:59.999,88360.911
2024-07-15 05:00:00,151.98,2024-07-15 05:59:59.999,102424.345
2024-07-15 06:00:00,153.03,2024-07-15 06:59:59.999,154580.891
2024-07-15 07:00:00,153.23,2024-07-15 07:59:59.999,171558.209
2024-07-15 08:00:00,152.77,2024-07-15 08:59:59.999,147589.708
2024-07-15 09:00:00,152.21,2024-07-15 09:59:59.999,148391.893
2024-07-15 10:00:00,151.34,2024-07-15 10:59:59.999,133630.702
2024-07-15 11:00:00,151.64,2024-07-15 11:59:59.999,112810.909
2024-07-15 12:00:00,152.3,2024-07-15 12:59:59.999,97055.11
2024-07-15 13:00:00,153.23,2024-07-15 13:59:59.999,138258.416
2024-07-15 14:00:00,153.41,2024-07-15 14:59:59.999,110494.782
2024-07-15 15:00:00,152.94,2024-07-15 15:59:59.999,122877.332
2024-07-15 16:00:00,153.85,2024-07-15 16:59:59.999,169470.386
2024-07-15 17:00:00,154.18,2024-07-15 17:59:59.999,151670.335
2024-07-15 18:00:00,155.74,2024-07-15 18:59:59.999,179716.998
2024-07-15 19:00:00,155.33,2024-07-15 19:59:59.999,192306.678
2024-07-15 20:00:00,156.68,2024-07-15 20:59:59.999,126560.294
2024-07-15 21:00:00,155.96,2024-07-15 21:59:59.999,85215.295
2024-07-15 22:00:00,158.78,2024-07-15 22:59:59.999,202744.043
2024-07-15 23:00:00,159.38,2024-07-15 23:59:59.999,110560.885
2024-07-16 00:00:00,158.06,2024-07-16 00:59:59.999,207698.37
2024-07-16 01:00:00,158.27,2024-07-16 01:59:59.999,111924.846
2024-07-16 02:00:00,156.55,2024-07-16 02:59:59.999,170380.635
2024-07-16 03:00:00,157.88,2024-07-16 03:59:59.999,119658.965
2024-07-16 04:00:00,158.13,2024-07-16 04:59:59.999,98220.502
2024-07-16 05:00:00,155.49,2024-07-16 05:59:59.999,325283.587
2024-07-16 06:00:00,154.03,2024-07-16 06:59:59.999,215520.18
2024-07-16 07:00:00,154.49,2024-07-16 07:59:59.999,219261.132
2024-07-16 08:00:00,154.45,2024-07-16 08:59:59.999,234274.586
2024-07-16 09:00:00,155.15,2024-07-16 09:59:59.999,153013.213
2024-07-16 10:00:00,156.46,2024-07-16 10:59:59.999,153595.102
2024-07-16 11:00:00,157.32,2024-07-16 11:59:59.999,143708.237
2024-07-16 12:00:00,155.84,2024-07-16 12:59:59.999,129623.902
2024-07-16 13:00:00,155.63,2024-07-16 13:59:59.999,132157.778
2024-07-16 14:00:00,155.92,2024-07-16 14:59:59.999,127440.711
2024-07-16 15:00:00,160.98,2024-07-16 15:59:59.999,316948.341
2024-07-16 16:00:00,160.99,2024-07-16 16:59:59.999,359746.138
2024-07-16 17:00:00,162.13,2024-07-16 17:59:59.999,160470.152
2024-07-16 18:00:00,162.05,2024-07-16 18:59:59.999,123226.624
2024-07-16 19:00:00,161.94,2024-07-16 19:59:59.999,122099.273
2024-07-16 20:00:00,159.69,2024-07-16 20:59:59.999,96325.257
2024-07-16 21:00:00,160.51,2024-07-16 21:59:59.999,78405.003
2024-07-16 22:00:00,159.92,2024-07-16 22:59:59.999,92252.605
2024-07-16 23:00:00,160.62,2024-07-16 23:59:59.999,96870.315
2024-07-17 00:00:00,161.28,2024-07-17 00:59:59.999,81683.814
2024-07-17 01:00:00,161.91,2024-07-17 01:59:59.999,253569.514
2024-07-17 02:00:00,161.04,2024-07-17 02:59:59.999,71356.53
2024-07-17 03:00:00,160.92,2024-07-17 03:59:59.999,72656.806
2024-07-17 04:00:00,161.34,2024-07-17 04:59:59.999,85014.352
2024-07-17 05:00:00,161.4,2024-07-17 05:59:59.999,86005.037
2024-07-17 06:00:00,161.2,2024-07-17 06:59:59.999,79209.905
2024-07-17 07:00:00,160.6,2024-07-17 07:59:59.999,75013.682
2024-07-17 08:00:00,161.95,2024-07-17 08:59:59.999,151320.025
2024-07-17 09:00:00,163.52,2024-07-17 09:59:59.999,138495.962
2024-07-17 10:00:00,162.6,2024-07-17 10:59:59.999,102078.566
2024-07-17 11:00:00,160.84,2024-07-17 11:59:59.999,176945.978
2024-07-17 12:00:00,160.88,2024-07-17 12:59:59.999,88724.595
2024-07-17 13:00:00,161.81,2024-07-17 13:59:59.999,137594.19
2024-07-17 14:00:00,160.31,2024-07-17 14:59:59.999,144495.341
2024-07-17 15:00:00,158.08,2024-07-17 15:59:59.999,197951.003
2024-07-17 16:00:00,155.93,2024-07-17 16:59:59.999,376615.38
2024-07-17 17:00:00,156.48,2024-07-17 17:59:59.999,112837.355
2024-07-17 18:00:00,156.6,2024-07-17 18:59:59.999,72404.65
2024-07-17 19:00:00,156.83,2024-07-17 19:59:59.999,85677.556
2024-07-17 20:00:00,156.2,2024-07-17 20:59:59.999,44685.811
2024-07-17 21:00:00,156.44,2024-07-17 21:59:59.999,87012.607
2024-07-17 22:00:00,156.0,2024-07-17 22:59:59.999,53095.562
2024-07-17 23:00:00,155.5,2024-07-17 23:59:59.999,66138.869
2024-07-18 00:00:00,157.86,2024-07-18 00:59:59.999,101283.196
2024-07-18 01:00:00,159.16,2024-07-18 01:59:59.999,101998.873
2024-07-18 02:00:00,158.58,2024-07-18 02:59:59.999,158566.344
2024-07-18 03:00:00,158.93,2024-07-18 03:59:59.999,66397.86
2024-07-18 04:00:00,157.73,2024-07-18 04:59:59.999,62969.121
2024-07-18 05:00:00,159.14,2024-07-18 05:59:59.999,108362.447
2024-07-18 06:00:00,159.7,2024-07-18 06:59:59.999,108692.173
2024-07-18 07:00:00,158.66,2024-07-18 07:59:59.999,63614.416
2024-07-18 08:00:00,159.42,2024-07-18 08:59:59.999,82185.796
2024-07-18 09:00:00,159.42,2024-07-18 09:59:59.999,50251.109
2024-07-18 10:00:00,159.18,2024-07-18 10:59:59.999,64184.581
2024-07-18 11:00:00,159.45,2024-07-18 11:59:59.999,89154.36
2024-07-18 12:00:00,160.94,2024-07-18 12:59:59.999,195510.242
2024-07-18 13:00:00,160.68,2024-07-18 13:59:59.999,90498.51
2024-07-18 14:00:00,157.96,2024-07-18 14:59:59.999,231466.94
2024-07-18 15:00:00,156.37,2024-07-18 15:59:59.999,240112.29
2024-07-18 16:00:00,157.53,2024-07-18 16:59:59.999,154167.371
2024-07-18 17:00:00,156.02,2024-07-18 17:59:59.999,60306.864
2024-07-18 18:00:00,156.41,2024-07-18 18:59:59.999,235333.363
2024-07-18 19:00:00,156.98,2024-07-18 19:59:59.999,63575.708
2024-07-18 20:00:00,157.96,2024-07-18 20:59:59.999,55457.27
2024-07-18 21:00:00,158.38,2024-07-18 21:59:59.999,46764.657
2024-07-18 22:00:00,159.97,2024-07-18 22:59:59.999,104013.567
2024-07-18 23:00:00,159.22,2024-07-18 23:59:59.999,49837.066
2024-07-19 00:00:00,158.06,2024-07-19 00:59:59.999,84840.348
2024-07-19 01:00:00,158.57,2024-07-19 01:59:59.999,102853.608
2024-07-19 02:00:00,158.76,2024-07-19 02:59:59.999,79140.291
2024-07-19 03:00:00,161.83,2024-07-19 03:59:59.999,203148.599
2024-07-19 04:00:00,160.8,2024-07-19 04:59:59.999,109862.244
2024-07-19 05:00:00,162.29,2024-07-19 05:59:59.999,142492.716
2024-07-19 06:00:00,164.47,2024-07-19 06:59:59.999,365374.732
2024-07-19 07:00:00,161.42,2024-07-19 07:59:59.999,319515.501
2024-07-19 08:00:00,161.87,2024-07-19 08:59:59.999,253537.737
2024-07-19 09:00:00,160.58,2024-07-19 09:59:59.999,217553.242
2024-07-19 10:00:00,162.03,2024-07-19 10:59:59.999,154135.311
2024-07-19 11:00:00,162.65,2024-07-19 11:59:59.999,67878.724
2024-07-19 12:00:00,163.85,2024-07-19 12:59:59.999,149074.318
2024-07-19 13:00:00,167.04,2024-07-19 13:59:59.999,415622.794
2024-07-19 14:00:00,168.71,2024-07-19 14:59:59.999,398124.735
2024-07-19 15:00:00,168.8,2024-07-19 15:59:59.999,254838.727
2024-07-19 16:00:00,169.33,2024-07-19 16:59:59.999,599084.815
2024-07-19 17:00:00,170.57,2024-07-19 17:59:59.999,164425.643
2024-07-19 18:00:00,169.85,2024-07-19 18:59:59.999,119888.645
2024-07-19 19:00:00,170.46,2024-07-19 19:59:59.999,184160.771
2024-07-19 20:00:00,169.13,2024-07-19 20:59:59.999,100957.225
2024-07-19 21:00:00,168.06,2024-07-19 21:59:59.999,86335.999
2024-07-19 22:00:00,168.79,2024-07-19 22:59:59.999,66072.102
2024-07-19 23:00:00,169.13,2024-07-19 23:59:59.999,46594.413
2024-07-20 00:00:00,169.42,2024-07-20 00:59:59.999,79767.476
2024-07-20 01:00:00,170.21,2024-07-20 01:59:59.999,79115.986
2024-07-20 02:00:00,170.93,2024-07-20 02:59:59.999,94699.448
2024-07-20 03:00:00,169.57,2024-07-20 03:59:59.999,74743.659
2024-07-20 04:00:00,170.33,2024-07-20 04:59:59.999,46393.81
2024-07-20 05:00:00,169.92,2024-07-20 05:59:59.999,38502.975
2024-07-20 06:00:00,169.25,2024-07-20 06:59:59.999,55516.336
2024-07-20 07:00:00,168.57,2024-07-20 07:59:59.999,88076.161
2024-07-20 08:00:00,168.64,2024-07-20 08:59:59.999,62159.826
2024-07-20 09:00:00,169.06,2024-07-20 09:59:59.999,51514.26
2024-07-20 10:00:00,168.66,2024-07-20 10:59:59.999,41816.455
2024-07-20 11:00:00,168.03,2024-07-20 11:59:59.999,55295.532
2024-07-20 12:00:00,168.39,2024-07-20 12:59:59.999,54987.644
2024-07-20 13:00:00,168.22,2024-07-20 13:59:59.999,76726.137
2024-07-20 14:00:00,169.07,2024-07-20 14:59:59.999,55925.316
2024-07-20 15:00:00,169.28,2024-07-20 15:59:59.999,65785.68
2024-07-20 16:00:00,169.66,2024-07-20 16:59:59.999,124123.357
2024-07-20 17:00:00,174.24,2024-07-20 17:59:59.999,360706.836
2024-07-20 18:00:00,173.56,2024-07-20 18:59:59.999,111982.145
2024-07-20 19:00:00,172.42,2024-07-20 19:59:59.999,86001.72
2024-07-20 20:00:00,173.66,2024-07-20 20:59:59.999,55323.514
2024-07-20 21:00:00,174.49,2024-07-20 21:59:59.999,113913.356
2024-07-20 22:00:00,173.38,2024-07-20 22:59:59.999,126467.543
2024-07-20 23:00:00,173.6,2024-07-20 23:59:59.999,48250.874
2024-07-21 00:00:00,172.96,2024-07-21 00:59:59.999,75977.302
2024-07-21 01:00:00,174.08,2024-07-21 01:59:59.999,72825.183
2024-07-21 02:00:00,173.53,2024-07-21 02:59:59.999,79398.359
2024-07-21 03:00:00,173.14,2024-07-21 03:59:59.999,46999.811
2024-07-21 04:00:00,173.11,2024-07-21 04:59:59.999,81502.265
2024-07-21 05:00:00,173.13,2024-07-21 05:59:59.999,43850.599
2024-07-21 06:00:00,171.34,2024-07-21 06:59:59.999,97483.592
2024-07-21 07:00:00,171.33,2024-07-21 07:59:59.999,68474.029
2024-07-21 08:00:00,171.45,2024-07-21 08:59:59.999,43680.359
2024-07-21 09:00:00,172.65,2024-07-21 09:59:59.999,50254.12
2024-07-21 10:00:00,172.2,2024-07-21 10:59:59.999,49034.146
2024-07-21 11:00:00,172.88,2024-07-21 11:59:59.999,51944.636
2024-07-21 12:00:00,172.72,2024-07-21 12:59:59.999,51329.046
2024-07-21 13:00:00,173.09,2024-07-21 13:59:59.999,4210.251
